day,avgTemp,minTemp,maxTemp,avgPress,avgHumid,avgWind,avgSolarRad,avgPrecipMidNight,avgPrecip24,dayofyear
3/29/10,13.8868293,7.79,20.57,101597.9,62.7561,0,NA,NA,0,88
4/2/10,9.2453571,4.46,15.01,101645.1,73.35714,NA,NA,NA,0.76562857,92
4/19/10,15.1270504,8.34,24.46,100692.3,68.48921,0.048561151,NA,NA,0.42211511,109
7/15/10,21.0716197,14.46,28.34,100944.1,64.24648,0.06971831,NA,NA,0,196
7/23/10,17.2338298,13.34,22.79,100766.1,73.92908,0.108510638,NA,NA,0,204
9/30/10,17.6236957,11.12,26.12,100282.6,73.44203,0.022826087,NA,NA,0,273
10/1/10,16.6465714,14.46,20.57,100876.5,78.41429,0.038571429,NA,NA,0,274
12/9/10,13.8303597,12.79,17.23,101665,89.20863,0,NA,NA,5.31938129,343
1/12/11,9.0154032,7.23,14.46,102059.7,82.52419,0.007258065,NA,NA,0.96683871,12
1/13/11,8.5285211,4.46,14.46,102249.6,85.5,0,NA,NA,0.254,13
1/15/11,10.8789062,6.12,19.46,102094,81.53906,0,NA,NA,0.19446875,15
1/17/11,9.8747857,7.23,15.57,101848,86.07143,0,NA,NA,0,17
1/20/11,14.4861111,3.34,17.79,101561.4,54.53704,0,NA,NA,0,20
1/24/11,8.8637143,2.23,20.01,101587.5,70,0.006428571,NA,NA,0,24
1/30/11,10.969078,8.9,13.34,101166.5,83.85816,0.019148936,NA,NA,2.9795461,30
2/3/11,5.8313636,2.23,15.01,102421.1,63.38636,0,NA,NA,0,34
2/21/11,5.3249286,0.57,12.23,101303,78.45714,0.016071429,NA,NA,0.29754286,52
4/2/11,15.8167857,11.12,26.12,100463.1,72.35714,0.035357143,NA,NA,0,92
4/13/11,9.6936429,5.57,15.01,101614.2,69.56429,0.144642857,NA,NA,0.05261429,103
6/19/11,19.2854745,12.79,31.68,100546.5,64.18248,0.062408759,NA,NA,0,170
7/18/11,20.9501818,12.23,24.46,100908.5,61.83636,0.229090909,NA,NA,0,199
9/12/11,18.3521277,15.01,22.79,101240.9,74.85816,0.025531915,NA,NA,0,255
11/21/11,9.1918852,3.9,13.9,101311,83.70492,0.003688525,NA,NA,3.28118033,325
12/4/11,7.3229839,0.01,16.12,101898.6,52.35484,0,NA,NA,0,338
12/5/11,6.4406618,0.57,13.9,101743.3,66.86029,0.013235294,NA,NA,0,339
12/7/11,5.2784496,-0.54,13.34,102126.7,69.21705,0,NA,NA,0,341
12/9/11,5.3846715,-1.1,15.01,101647.4,73.45985,0.003284672,NA,NA,0,343
12/14/11,6.117554,1.12,12.23,101738.7,81.05036,0,NA,NA,0,348
12/19/11,8.9125373,5.01,15.01,101417.4,75.32836,0,NA,NA,0,353
1/5/12,10.3748889,2.23,17.79,102052.6,72.32222,0,NA,NA,0,5
2/7/12,12.7497,10.01,16.12,100414.4,70.37,0.2157,NA,NA,0.50546,38
2/10/12,10.8684783,3.9,18.9,101695.8,77.94928,0.052173913,NA,NA,0,41
2/15/12,11.2455556,5.01,14.46,101453.7,52.77778,0.237222222,NA,NA,0.40216667,46
2/21/12,9.6339844,4.46,17.79,101884.8,78.53125,0.003515625,166.057692,NA,0.49807812,52
2/27/12,7.1603738,1.68,12.23,100676.5,66.85981,0.167757009,208.619048,NA,0,58
3/9/12,10.9525954,2.23,21.68,102110.9,57.64885,0.006870229,264.634921,NA,0,69
4/2/12,10.28,3.9,18.9,101822.4,67.47581,0.025403226,331.769231,NA,0.72103226,93
6/2/12,18.3927338,12.79,26.68,100728.9,67.84173,0.090647482,334.329268,NA,0,154
7/16/12,17.25128,12.79,22.23,100669.4,70.32,0.20872,311.337838,NA,0,198
7/27/12,16.9060448,12.79,23.34,101061.5,69.1791,0.087313433,294.407895,NA,0,209
9/26/12,15.031375,11.12,20.01,100717.3,79.7625,0,106.027778,NA,0,270
9/27/12,15.4137681,10.01,23.34,100735,78.07246,0.006521739,76.333333,NA,0,271
10/28/12,16.4338636,10.01,25.01,101025.3,74.32576,0,70.207547,NA,0,302
10/29/12,14.9853846,11.12,23.9,101269.5,82,0,58.509804,NA,0,303
11/1/12,15.584,14.46,17.23,101138.7,84.34074,0,70.057692,NA,1.87395556,306
11/12/12,7.589313,2.23,15.01,102316.6,71.87023,0.003435115,55.163636,NA,0,317
11/19/12,12.4733333,7.79,18.34,101721.2,74.12879,0.006818182,63.019231,NA,0.8120303,324
12/7/12,10.1213492,5.01,16.68,101502.3,81.7619,0,150.058824,NA,0.03225397,342
1/21/13,6.6351538,-1.1,17.23,101610.4,67.26923,0,208.714286,NA,0,21
1/22/13,7.5360448,0.57,17.23,101412.9,69.26119,0,234,NA,0,22
1/24/13,10.5282653,9.46,13.34,101445.8,87.80612,0,78.829268,NA,1.23371429,24
1/30/13,9.195,2.79,20.01,102127.6,71.53,0,NA,NA,0,30
2/6/13,7.9346429,1.12,15.01,101635.5,77.38095,0,247.552632,NA,0,37
2/10/13,5.9836458,-1.1,16.12,101410.5,64.39583,0,282.536585,NA,0,41
2/12/13,7.9173684,0.57,16.68,102034.6,65.07368,0,311.302326,NA,0,43
3/29/13,15.831619,9.46,24.46,101327.1,71.51429,0.021428571,350.071429,NA,0.12337143,88
4/2/13,13.3443137,6.68,20.57,101635.8,73.61765,0.039705882,353.727273,NA,2.43541176,92
4/3/13,14.8229565,10.57,24.46,101465.7,73.2,0.01173913,395.759259,NA,0,93
4/11/13,16.4968675,9.46,26.12,101246.1,58.80723,0.037951807,NA,NA,0,101
4/26/13,14.518,9.46,20.57,101660.4,68.325,0.05625,432.909091,NA,0,116
5/8/13,15.5385,11.12,21.68,101371.5,69.175,0.084375,349.125,NA,0,128
5/10/13,15.1173973,10.57,20.57,101695,71.10959,0.08630137,462.111111,NA,0,130
5/17/13,14.6247826,8.34,21.12,101204.4,66.70652,0.083152174,471.921569,NA,0.1628913,137
5/21/13,18.0515278,11.68,29.46,101002.4,54.27778,0.131111111,424.045455,NA,0,141
5/24/13,13.5558333,5.57,22.79,101112.3,58.25,0.042857143,460.75,NA,0,144
5/31/13,17.7631395,7.79,31.68,101073.2,53.18605,0.026162791,501.705882,NA,0,151
6/5/13,16.9932836,13.34,21.68,100974.2,67.83582,0.067164179,387.690476,NA,0,156
6/7/13,18.275125,12.79,27.79,100638.7,70.825,0.050625,366.38,NA,0,158
6/12/13,17.0971233,9.46,26.68,100896.5,63.64384,0.055479452,NA,NA,0,163
6/13/13,17.7283077,7.79,27.23,101291.4,54.2,0.069230769,497.863636,NA,0,164
6/14/13,19.6122472,9.46,30.57,100970.3,52.20225,0.00505618,400.2,NA,0,165
6/17/13,17.9925316,10.01,24.46,101432.1,62.13924,0.102531646,473.191489,NA,0,168
6/19/13,16.6328947,11.68,23.9,101255.6,62.22368,0.1125,NA,NA,0,170
7/3/13,20.7021795,15.57,30.01,100703.9,72.20513,0.028846154,458.860465,NA,0,184
7/9/13,19.174321,13.9,27.79,101067.5,72.44444,0.033333333,459,NA,0,190
7/11/13,17.623375,14.46,23.9,100886.2,71.2125,0.07875,380.375,NA,0,192
7/22/13,18.0869048,14.46,23.34,100740.5,73.83333,0.016071429,345.666667,NA,0,203
8/1/13,15.9730769,9.46,25.01,101319.7,66.57692,0.034615385,414.125,NA,0,213
8/7/13,18.5545122,14.46,25.01,101319,67.67073,0.104268293,439.333333,NA,0,219
8/21/13,18.9513953,15.57,24.46,100761.9,70.45349,0.078488372,360.744681,NA,0,233
8/28/13,18.3509639,12.23,26.12,100721.5,72.16867,0.059638554,371.162162,NA,0,240
8/30/13,21.0411236,15.57,31.12,101183.8,71.22472,0.020224719,362.395349,NA,0,242
9/6/13,19.1844872,10.57,31.12,100988.9,63.88462,0.017307692,386.526316,NA,0,249
9/18/13,16.3444444,10.01,28.34,100734,67.4,0.035,334.925,NA,0,261
9/20/13,18.0957647,9.46,28.9,100480.6,64.96471,0.015882353,255.190476,NA,0,263
9/25/13,16.6644444,12.23,21.12,100889.2,61.79012,0.116666667,318.302326,NA,0.1285679,268
10/3/13,13.3009211,6.68,22.23,101216.2,60.77632,0.017763158,363.432432,NA,0,276
10/9/13,13.2068235,7.23,22.23,100090.3,65.50588,0.005294118,251.74359,NA,0,282
10/14/13,14.531625,5.57,23.9,101343.5,58.1625,0,342.972222,NA,0,287
10/16/13,15.1015217,6.12,26.12,101198.2,52.21739,0,276.325581,NA,0,289
10/21/13,12.5001266,7.23,19.46,100996.5,77.89873,0.011392405,250.212121,NA,0,294
10/28/13,13.1348052,10.57,17.79,100232.5,69.94805,0.256753247,264.966667,NA,0,301
10/29/13,13.1935135,11.12,16.68,100767.9,73.24324,0,127.192308,NA,0,302
10/30/13,10.2666423,4.46,18.34,101404.9,74.92701,0.003284672,279.157895,NA,0,303
11/1/13,12.9199286,5.57,22.23,101448.5,66.53571,0.003214286,272.816667,NA,0,305
11/4/13,10.201,2.79,18.34,100987.3,60.35,0,288.155172,NA,0,308
11/6/13,12.2416667,5.01,21.68,101808.3,58.60145,0,259.413793,NA,0,310
11/11/13,12.2853957,7.79,18.34,101488,78.47482,0,216.568966,NA,0,315
11/13/13,13.0625,6.68,22.79,101851.3,72.23571,0,247.293103,NA,0,317
11/19/13,11.6223022,7.79,17.23,101398.4,77.97842,0,118.648148,NA,0.01644604,323
11/20/13,13.9715827,12.23,16.12,100857.3,88.07914,0,74.150943,NA,3.62543885,324
11/26/13,9.2620714,4.46,16.68,101887.4,74.29286,0.006428571,184.472727,NA,0,330
12/4/13,4.4231387,-1.66,11.12,101049.5,67.40876,0.003284672,210.264151,NA,0,338
12/6/13,3.1561151,-1.66,11.68,101644.4,66.53237,0.00323741,174,NA,0,340
12/10/13,-0.3149333,-3.32,8.34,102433.1,69.06667,0,8.666667,NA,0,344
12/11/13,3.69,-2.21,13.34,101845.8,65.57037,0.006666667,215.84,NA,0,345
12/13/13,5.3153237,-1.1,14.46,101989,73.71223,0,196.207547,NA,0,347
12/16/13,7.932,1.68,19.46,101826.4,67.55,0,200.09434,NA,0,350
12/17/13,8.5976812,2.23,17.79,101585.3,67.28986,0,174.115385,NA,0,351
12/18/13,8.8567143,3.34,16.12,101073.5,74.8,0,163.716981,NA,0,352
12/20/13,6.2025899,-1.1,15.57,100924.3,58.2446,0,208.528302,NA,0,354
1/2/14,7.7239855,1.12,18.34,101878.1,68.63768,0,207.615385,NA,0,2
1/6/14,7.1484672,1.12,17.23,102088,67.16788,0,139.192308,NA,0,6
1/8/14,10.3228058,6.12,15.01,102021.4,78.99281,0,144.269231,NA,0,8
1/13/14,8.6617143,2.23,20.01,102663,67.16429,0,231.181818,NA,0,13
1/15/14,10.3541727,2.79,21.68,102439.3,53.22302,0,237.388889,NA,0,15
1/21/14,8.9398571,0.57,20.57,102101.6,60.56429,0.003214286,241.964286,NA,0,21
1/22/14,9.3078417,0.01,22.79,101804.1,57.11511,0,256.563636,NA,0,22
1/23/14,9.6829496,2.23,20.57,101118.6,58.66187,0,255,NA,0,23
1/29/14,15.8922857,12.79,20.01,101988,81.68571,0,120.508772,NA,0,29
2/3/14,7.5214388,3.9,12.79,101392.5,81.07914,0.00971223,231.052632,NA,6.22391367,34
2/5/14,6.6531655,1.12,13.9,101934.1,73.28777,0.029136691,268.389831,NA,0,36
2/11/14,10.6942446,7.23,15.01,102173,83.16547,0.01942446,266,NA,0.45135252,42
2/12/14,10.7734848,6.68,15.57,102165.7,80.40909,0.003409091,242.160714,NA,0.16163636,43
2/13/14,12.5370504,7.79,20.57,102036.3,80.53237,0.00647482,302.5,NA,0,44
2/15/14,11.3333813,7.23,17.23,101508.1,81.92806,0.035539568,113.333333,NA,0.15715108,46
2/19/14,12.9005755,7.79,18.34,101852.2,70.86331,0.01294964,339.209677,NA,0.18273381,50
2/24/14,11.9915714,3.9,22.79,101287.2,70.6,0.003214286,361.333333,NA,0,55
2/26/14,13.2046043,11.68,16.68,101062.5,75.89209,0.129352518,76.813559,NA,1.72317986,57
3/3/14,10.7922034,7.79,16.12,101555.2,81.78814,0,NA,NA,0.17005085,62
3/5/14,14.7790647,11.12,21.12,101366.2,79.09353,0.00323741,204.31746,NA,0.42211511,64
3/10/14,16.2290714,13.34,21.68,101594.1,63.67857,0.045,339.184615,NA,0,69
3/12/14,14.9830216,7.23,24.46,101234.5,45.22302,0.142374101,375.878788,NA,0,71
3/14/14,12.8569065,5.01,23.9,101444.2,59.68345,0.01294964,324,NA,0,73
3/17/14,14.1284892,8.9,23.34,101669.6,62.45324,0.025899281,358.164179,NA,0,76
3/19/14,13.3367143,3.9,24.46,101094,51.49286,0.006428571,387.632353,NA,0,78
3/21/14,12.6756061,4.46,21.12,100989.5,64.88636,0.057954545,405.045455,NA,0,80
4/14/14,15.1391367,8.9,23.34,101286.4,71.60432,0.01942446,383.972222,NA,0,104
4/16/14,15.7093571,7.79,27.23,100794.7,63.34286,0.009642857,NA,NA,0,106
4/17/14,16.2,9.46,25.57,100554.8,65.55814,0.038372093,427.415385,NA,0,107
5/21/14,16.8799242,10.01,26.68,100976.9,65.15909,0.051136364,437.602564,NA,0,141
5/22/14,16.6973913,11.68,26.12,100932.5,67.17391,0.055434783,401.316456,NA,0,142
5/23/14,17.0502857,12.79,25.01,101117.5,72.08571,0.0675,380.395062,NA,0,143
5/28/14,16.4859712,7.23,26.68,101207.1,47.30935,0.045323741,479.5,NA,0,148
5/30/14,16.7265441,7.79,27.79,100859.3,56.80882,0.102573529,440.927711,NA,0,150
6/2/14,16.4171942,11.12,23.34,100599.2,66.73381,0.106834532,486.246914,NA,0,153
6/4/14,17.160146,11.68,25.01,100706.7,69.94161,0.039416058,440.7375,NA,0,155
6/6/14,17.6530216,13.34,23.9,100500.2,71.76978,0.064748201,420.109756,NA,0,157
6/9/14,23.1333577,13.9,35.57,100183.4,58.71533,0.045985401,439.481481,NA,0,160
6/11/14,18.5271429,12.79,25.57,100519,67.76429,0.106071429,442.26506,NA,0,162
6/12/14,17.6127338,11.68,24.46,100853.2,63.68345,0.077697842,435.518072,NA,0,163
6/18/14,20.2272388,9.46,32.23,100836.5,45.12687,0.023507463,460.541176,NA,0,169
6/20/14,19.8952239,11.12,30.57,101002.3,57.78358,0.050373134,440.904762,NA,0,171
6/24/14,19.2253571,11.12,26.68,101018.3,56.98571,0.102857143,439.02381,NA,0,175
6/25/14,18.1442446,12.79,23.34,101080.8,68.98561,0.093884892,419.682927,NA,0,176
6/26/14,19.1414493,15.01,25.57,101045.6,68.7971,0.045652174,405.05,NA,0.15828986,177
6/27/14,19.3249219,12.23,28.34,101018.3,65.85156,0.101953125,450.05,NA,0.1031875,178
6/30/14,22.6465,13.9,32.23,100483.5,57.25,0.077142857,414.892857,NA,0,181
7/1/14,20.2782707,15.57,26.68,100447.7,68.88722,0.104887218,427.481481,NA,0,182
7/2/14,19.6832836,15.01,27.23,100586,66.09701,0.147686567,448.463415,NA,0,183
8/6/14,22.3565714,18.9,31.12,101008.5,68.42143,0.070714286,400.486842,NA,0,218
8/7/14,21.189011,16.68,29.46,100829.2,69.37363,0.227362637,374.333333,NA,0,219
8/13/14,19.347029,13.9,27.23,100830.5,68.99275,0.114130435,390.792208,NA,0,225
8/18/14,18.7597122,14.46,23.9,100643.6,73.13669,0.135827338,388.776316,NA,0,230
8/19/14,19.0831429,15.57,25.57,100459,70.17857,0.051428571,356.373333,NA,0,231
8/26/14,18.3128571,12.79,25.57,100842.9,67.91429,0.09,394.253333,NA,0,238
8/27/14,20.0908633,13.34,27.79,101021.7,67.17266,0.064748201,412.849315,NA,0,239
9/3/14,19.7192086,16.12,25.57,100211.3,71.23741,0.074460432,346.166667,NA,0,246
9/4/14,19.8215942,15.57,26.12,100082.9,71.5942,0.07173913,344.619718,NA,0,247
9/9/14,15.502446,9.46,23.34,100847.6,72.69784,0.061510791,306.295775,NA,0,252
9/10/14,18.6556738,11.12,31.12,100695.8,70.37589,0.025531915,NA,NA,0,253
9/12/14,19.2033813,12.23,27.79,100523.3,70.91367,0.025899281,350.471429,NA,0,255
9/15/14,18.7039568,12.23,26.68,100538.4,69.97122,0.087410072,335.521739,NA,0,258
9/17/14,20.2381752,15.01,28.34,100339.1,67.59124,0.091970803,321.632353,NA,0,260
9/18/14,22.6221429,20.01,26.68,100327.2,66.47143,0.125357143,254.15942,NA,0,261
9/23/14,18.6021739,12.23,25.57,100917.4,70.96377,0.09115942,325.626866,NA,0,266
9/24/14,19.5405072,13.9,27.23,100816.2,74.13043,0.07173913,257.924242,NA,0,267
9/26/14,17.1123188,11.68,23.34,100942.4,73.31159,0.042391304,267.560606,NA,7.82246377,269
9/27/14,17.5842017,13.9,25.01,100729.8,73.08403,0.037815126,264.763636,NA,0,270
9/29/14,17.1990265,11.68,22.79,100931.9,75.00885,0.103539823,262.821429,NA,0,272
9/30/14,16.6936429,10.57,24.46,100870.7,73.83571,0.048214286,264.059701,NA,0,273
10/1/14,18.4368182,10.57,28.9,100561.6,63.2803,0.023863636,251.677966,NA,0,274
10/2/14,19.3758993,8.9,31.68,100868.2,48.8705,0,311.393939,NA,0,275
10/3/14,21.3736691,11.12,33.34,101088.6,50.10072,0.00323741,300.307692,NA,0,276
10/6/14,19.3959712,9.46,30.01,100658.5,62.48201,0,298.234375,NA,0,279
10/7/14,17.4971223,10.01,28.34,100642.2,71.95683,0.00647482,217.84375,NA,0,280
10/8/14,17.1792481,10.57,28.34,100635.1,72.65414,0.006766917,307.775862,NA,0,281
10/9/14,16.7321239,10.01,27.23,100754.7,73.33628,0.027876106,264.296296,NA,0,282
10/10/14,16.2238095,11.68,21.12,101047.1,76.22222,0.032142857,274.666667,NA,0,283
10/13/14,19.5790714,9.46,30.57,100739.3,44.02143,0.028928571,331.031746,NA,0,286
10/14/14,17.6706618,13.34,26.68,100671.8,73.80882,0.197941176,244.95082,NA,0,287
10/15/14,18.72,15.01,23.34,100744.4,67.35971,0.074460432,223.921875,NA,0,288
10/17/14,15.055,8.9,25.01,100828.9,62.99286,0.0225,216.460317,NA,0,290
10/20/14,16.6098561,12.23,22.79,100757.2,76.35971,0,125.274194,NA,0,293
10/21/14,14.4636029,8.34,22.23,101208.4,71.38971,0.009926471,288.440678,NA,0,294
10/22/14,14.6244203,8.34,23.9,101159.3,67.26087,0.029347826,295.633333,NA,0,295
10/23/14,16.9080714,11.12,23.9,101129.7,70.62857,0.035357143,251.704918,NA,0,296
10/24/14,16.2807857,9.46,23.34,100851.3,74.31429,0.028928571,272.016393,NA,0,297
10/27/14,12.8301493,6.68,21.68,101175.6,71.20149,0.016791045,265.563636,NA,0,300
10/28/14,13.8676259,6.68,23.9,101237.9,67.96403,0.00323741,274.116667,NA,0,301
10/29/14,15.8018705,8.34,27.23,101280.2,64.40288,0,295.152542,NA,0,302
10/30/14,16.7327143,11.12,25.57,100803,66.74286,0.009642857,206.033898,NA,0,303
10/31/14,16.0004098,13.9,21.68,100587.4,76.39344,0,41.725,NA,0.13116393,304
11/3/14,11.6976429,5.01,21.68,101637.3,66.82857,0.003214286,253.916667,NA,0.17054286,307
11/4/14,11.9866917,5.57,22.23,101888.5,69.76692,0,257.372549,NA,0,308
11/5/14,14.3888889,7.23,24.46,101652.1,66.34188,0,272.520833,NA,0,309
11/6/14,15.4766935,8.34,23.9,101511.9,68.91129,0.007258065,273.215686,NA,0,310
11/7/14,14.3054745,8.34,22.23,101647.4,77.0438,0.009854015,268.034483,NA,0,311
11/10/14,13.9728261,8.9,22.23,100407.5,80.06522,0.006521739,210.036364,NA,0.08834783,314
11/11/14,14.6296429,9.46,20.01,100575,74.37143,0.054642857,224.561404,NA,0.1651,315
11/12/14,14.6115108,12.79,20.01,100928.6,67.52518,0.01618705,218.714286,NA,0,316
11/13/14,15.8258993,12.79,19.46,100942.7,75.56835,0,155.018182,NA,2.79217266,317
11/14/14,13.6695,8.34,19.46,101251.5,79.10714,0.003214286,168.614035,NA,1.81972857,318
11/17/14,10.7628058,4.46,19.46,101726.6,59.02158,0,257.309091,NA,0,321
11/18/14,10.391295,5.57,18.34,101360.2,66.54676,0,159.527273,NA,0,322
11/21/14,11.8844286,7.23,18.34,101187.3,84.19286,0,199.396226,NA,5.60977143,325
11/24/14,10.2188489,3.34,19.46,102358.2,68.29496,0,265.222222,NA,0.1534964,328
11/25/14,10.5072857,3.9,20.01,102618.9,65.08571,0,247.875,NA,0,329
11/26/14,11.0545324,4.46,21.12,102292.5,70.21583,0,251.054545,NA,0,330
12/1/14,13.9328777,10.01,20.57,101096.3,85.20863,0,160.428571,NA,9.98823022,335
12/2/14,13.0641007,11.12,17.79,100697,87.42446,0.00323741,52.08,NA,16.23407194,336
12/3/14,15.2402878,13.9,18.34,100352,90.14388,0.161654676,123.196078,NA,44.58156835,337
12/5/14,14.3790714,11.68,18.9,101248.1,84.16429,0.035357143,NA,NA,0.762,339
12/7/14,13.5897143,10.01,18.34,101918.8,85.76429,0,104.150943,NA,2.39122857,341
12/9/14,14.3917143,10.57,18.9,101781.7,82.98571,0,131.407407,NA,0.09978571,343
12/10/14,14.3383453,11.12,18.9,101346.2,83.74101,0.100071942,106.584906,NA,0,344
12/12/14,10.8426506,9.46,12.23,100533.2,90.75904,0,95.782609,NA,89.7813494,346
12/13/14,8.7584426,4.46,13.34,101739.3,87.56557,0.003688525,NA,NA,8.71511475,347
12/15/14,11.4312857,9.46,15.01,101017.4,83.40714,0.086714286,62.02,NA,17.19398571,349
12/16/14,11.2775714,8.34,16.68,100969.1,84.33571,0.122071429,189.203704,NA,22.02724286,350
12/19/14,12.5915217,10.01,15.01,101753.3,82.94203,0.042391304,54.48,NA,0.6534058,353
12/22/14,13.8478417,9.46,18.34,102161.8,84.98561,0.00323741,194.692308,NA,0,356
1/5/15,6.9251799,1.12,16.68,102477.9,71.02878,0,225.113208,NA,0,5
1/6/15,8.6195683,2.23,18.34,102066.2,68.30216,0,242.09434,NA,0,6
1/8/15,10.3089286,5.01,19.46,101496.1,75.03571,0,151.357143,NA,0,8
1/9/15,11.4119697,7.23,18.34,101271.9,76.79545,0,223.808511,NA,0,9
1/12/15,8.8282014,3.9,17.23,101925.6,80.64748,0,224.792453,NA,0.14801439,12
1/16/15,10.7102878,5.57,17.23,102127.7,78.10072,0,122.454545,NA,0,16
1/19/15,13.4605755,11.12,17.23,102161.8,82.58273,0,132.924528,NA,0.10964029,19
1/20/15,10.2452857,6.12,16.68,101794.7,78.56429,0,236.962963,NA,0.25218571,20
1/21/15,9.2489286,3.34,17.79,101611.3,72.97143,0,272.763636,NA,0.14695714,21
1/22/15,7.9234091,2.79,16.12,101978.3,75.14394,0,233.042553,NA,0,22
1/26/15,9.4354286,2.79,18.34,101342.3,72.89286,0,200.857143,NA,0,26
1/28/15,11.9279286,5.57,20.01,102058.8,69.89286,0.003214286,245.241379,NA,0,28
1/29/15,11.33,5.01,20.01,101753.8,72.25899,0,285.517857,NA,0,29
2/2/15,11.2191304,4.46,21.12,101754.9,71.44203,0,245.706897,NA,0,33
2/3/15,13.0033571,7.23,21.68,101614.7,73.02857,0,NA,NA,0,34
2/5/15,11.7708029,8.34,17.79,101297.1,80.08029,0,163.736842,NA,0,36
2/6/15,15.8430216,14.46,18.34,100887.6,68.7554,0.898848921,68.827586,NA,1.68663309,37
2/9/15,15.6594203,11.12,20.01,101614.6,76.36232,0.689855072,179.95,NA,17.14868116,40
2/10/15,11.2023741,5.01,18.9,101959.4,75.61871,0.00647482,304.440678,NA,0.86798561,41
2/11/15,11.3847143,3.9,21.68,101711.1,71.19286,0,310.666667,NA,0.10522857,42
2/12/15,13.62,6.68,23.9,101830.5,71,0.00323741,334.8,NA,0.15166906,43
2/17/15,13.5284783,11.12,21.68,101499.9,81.00725,0,56.898305,NA,0,48
2/18/15,13.5577857,11.12,19.46,101865.3,74.44286,0.006428571,283.542373,NA,0,49
2/19/15,12.6139286,7.79,18.34,101739.6,80.58571,0,187.516667,NA,0,50
2/20/15,14.0723022,10.01,22.79,101461.2,76.48921,0,278.05,NA,0,51
2/23/15,13.5964748,8.9,18.34,101083.7,34.28058,0.21028777,352.580645,NA,0,54
2/24/15,10.0433094,1.12,20.57,102160.9,46.73381,0.042086331,378.031746,NA,0,55
2/25/15,10.7292857,3.34,20.57,102157.4,58.7,0.003214286,358.698413,NA,0,56
2/26/15,12.7410072,5.57,22.79,101490.6,67.17986,0.01294964,325.47619,NA,0,57
2/27/15,13.9557554,10.57,20.57,100920.7,71.28058,0.032374101,198.515625,NA,0,58
3/2/15,10.0274286,3.9,17.23,100823.5,67.28571,0.102785714,261.661538,NA,0.11974286,61
3/3/15,10.2042754,3.34,18.9,101201.5,69.69565,0.009782609,351.603175,NA,0,62
3/4/15,11.2142446,2.79,20.57,101475.3,63.13669,0.029136691,373.5625,NA,0,63
3/5/15,11.9513571,3.34,23.34,102092,58.03571,0.012857143,369.738462,NA,0,64
3/6/15,13.0084892,3.34,23.9,102155.3,56.39568,0,370.953846,NA,0,65
3/11/15,15.1864748,12.79,21.12,101426.9,74.65468,0.022661871,315.951613,NA,0.91001439,70
3/12/15,14.4592086,7.79,23.34,102037.6,70.44604,0,369.212121,NA,0.85702158,71
3/13/15,16.015,8.34,26.12,101750,67.85,0,314.235294,NA,0,72
3/16/15,15.21,10.01,22.23,101361.5,57.85,0.003214286,203.507463,NA,0,75
3/18/15,13.6358273,6.12,23.34,101452.7,63.80576,0.01294964,375.75,NA,0,77
3/19/15,15.1953957,6.68,26.12,101393.8,61.81295,0.01942446,381.838235,NA,0,78
3/20/15,13.8346324,6.68,23.34,101493.2,68.36029,0.013235294,238.818182,NA,0,79
3/24/15,13.6394245,8.34,19.46,102226.8,68.39568,0.022661871,276.391304,NA,0,83
3/25/15,15.1863309,7.79,24.46,102013.1,67.66187,0,399.304348,NA,0,84
3/26/15,16.9771942,8.34,28.9,101729.2,64.14388,0.00971223,383.342857,NA,0,85
3/31/15,14.8715108,10.01,20.57,101658.7,63.1295,0.055035971,391.535211,NA,0,90
4/1/15,12.5513768,4.46,19.46,101825.6,56.31884,0.042391304,336.450704,NA,0,91
4/2/15,11.7339568,3.9,21.68,101756.1,59.06475,0.035611511,404.676056,NA,0,92
4/3/15,13.0467143,3.9,23.9,101855,50.40714,0.041785714,397.625,NA,0,93
4/6/15,10.0872464,3.34,18.34,101090.9,63.07971,0.065217391,339.183099,NA,0,96
4/7/15,12.511,8.9,16.68,100804.1,67.05,0.1735,306.73913,NA,0,97
4/8/15,11.4430435,7.23,18.34,101581.7,68.84783,0.045652174,368.887324,NA,0,98
4/9/15,11.9978417,5.01,20.57,101450.8,62.15108,0.00971223,418.931507,NA,0,99
4/10/15,13.0211024,5.57,21.12,101269.8,63.3937,0.14496063,427.217391,NA,0,100
4/13/15,15.1602899,7.23,25.01,101352.6,63.45652,0.052173913,402.082192,NA,0,103
4/14/15,13.0184444,7.79,18.9,102063.2,56.2963,0.059925926,436.571429,NA,0,104
4/15/15,12.8922143,5.01,22.79,101893.7,52.87857,0.032142857,440.216216,NA,0,105
4/16/15,16.3938849,7.23,26.68,101322.9,42.64748,0.00323741,458.808219,NA,0,106
4/17/15,16.8088571,6.68,26.12,101399.6,48.37143,0.070714286,418.368421,NA,0,107
4/21/15,14.1377143,10.57,19.46,100820,71.25714,0.118928571,NA,NA,0,111
4/22/15,13.6802878,8.34,20.57,100807,72.55396,0.055035971,NA,NA,0,112
4/23/15,14.5472143,10.57,21.12,100831.7,68.54286,0.006428571,384.947368,NA,0,113
4/24/15,14.3272662,11.12,18.9,101094.3,63.64748,0.045323741,416.736842,NA,0,114
6/5/15,17.7446043,11.12,24.46,100613.5,66.98561,0.164964029,436.695122,NA,0,156
6/8/15,21.0943885,13.34,36.68,100746.4,66.05036,0.029136691,431.573171,NA,0,159
6/9/15,23.0127338,14.46,36.12,100672.9,60.00719,0.042086331,300.833333,NA,0,160
6/10/15,20.2175714,16.68,25.57,100910.1,74.90714,0.003214286,115.25,NA,0.72208571,161
6/12/15,20.4266906,13.9,28.34,100619.6,70.13669,0.058273381,426.285714,NA,0,163
6/15/15,15.9633571,10.57,22.23,100795.9,67.8,0.157357143,419.952381,NA,0,166
6/16/15,16.0429286,9.46,23.9,101050.5,68.6,0.096428571,417.321429,NA,0,167
6/17/15,17.3998571,10.01,24.46,100997.2,66.29286,0.093214286,NA,NA,0,168
6/18/15,17.3984058,10.01,27.79,101101.6,66.66667,0.117318841,NA,NA,0,169
6/19/15,17.9851799,9.46,27.79,101219.8,56.97122,0.067985612,NA,NA,0,170
6/24/15,18.332446,11.12,27.23,101047,59.29496,0.11,NA,NA,0,175
6/26/15,20.7672059,14.46,27.78,100889.9,67.69118,NA,NA,NA,0,177
6/30/15,21.3710072,14.44,32.78,100895.2,64.61871,NA,NA,NA,0,181
7/1/15,21.8816788,15.56,30,100757.9,65.29927,NA,NA,NA,0,182
7/2/15,20.8905755,17.22,26.67,100955.2,70.28058,NA,NA,NA,0,183
7/6/15,20.3814407,16.11,27.78,101305.5,66.61017,NA,NA,NA,0,187
7/7/15,20.2220952,15.56,27.22,101284.8,69.54286,NA,NA,NA,0,188
7/8/15,16.8674138,13.33,25.56,100935.8,70.77586,0.015517241,NA,NA,0,189
8/3/15,19.8318705,13.33,27.22,101043.2,64.2446,NA,423.794872,0,0,215
8/4/15,18.3530714,12.78,25,101164.8,65.60714,NA,223.85,0,0,216
8/6/15,19.2286331,13.33,26.11,100919.5,71.99281,0.00971223,233.987179,0,0,218
8/7/15,20.0562143,15,26.67,100757.8,69.79286,NA,429.397436,0,0,219
8/11/15,19.4642754,13.33,27.78,100992.7,68.8913,NA,434.486842,0,0,223
8/13/15,20.8953237,14.44,27.78,101358.5,65.63309,NA,425.039474,0,0,225
8/14/15,20.8035252,16.11,28.33,101395.5,66.6259,NA,397.157895,0,0,226
8/18/15,20.6665,16.11,27.78,100867.3,69.80714,NA,407.75,0,0,230
8/19/15,20.1945,16.67,25.56,100939,67.80714,NA,407.066667,0,0,231
8/21/15,19.172446,14.44,25,100796.6,69.48921,NA,410.733333,0,0,233
8/24/15,19.1441129,13.89,24.44,101277.2,68.8871,NA,382.318841,0,0,236
8/25/15,18.6502857,12.22,25.56,101191.1,70.18571,NA,392.493333,0,0,237
8/27/15,22.7853957,14.44,33.89,101294.7,55.23022,NA,399.813333,0,0,239
8/31/15,20.2834532,12.22,29.44,101021.1,62.76259,NA,396.150685,0,0,243
9/2/15,18.5917442,11.67,26.11,101040.8,66.72093,NA,387.26087,0,0,245
9/3/15,18.4169697,12.22,24.44,100966.9,65.34343,NA,382.666667,0,0,246
9/8/15,23.2147143,11.67,35.56,100794,38.22857,NA,368.277778,0,0,251
9/9/15,24.6944286,13.89,36.11,100689.3,40.28571,NA,366.472222,0,0,252
9/10/15,25.0122857,15,36.11,100707.4,46.25714,NA,338.597222,0,0,253
9/11/15,22.6719841,15,31.67,100874.7,56.5873,NA,304.784615,0,0,254
9/15/15,17.9778417,13.33,23.89,100710.1,67.99281,0.042014388,361.782609,0,0,258
9/16/15,15.9050714,10,23.33,101173.5,67.78571,0.0675,242.214286,0,0,259
9/17/15,17.9494245,12.78,23.89,101364.1,68.34532,NA,307.26087,0,0,260
9/18/15,18.2415108,10,28.33,101149.6,62.31655,NA,362.347826,0,0,261
9/21/15,24.9603597,15,35.56,100495.3,43.08633,NA,322.470588,0,0,264
9/22/15,19.7686154,13.33,34.44,100675.8,65.71538,0.065769231,325.862069,0,0,265
9/23/15,17.16448,8.89,28.33,101166.2,62.208,NA,330.061538,0,0,266
9/24/15,20.4917143,12.22,32.22,101030.7,57.17143,0,286.956522,0,0,267
9/25/15,20.6833094,11.67,31.67,100874.8,55.02158,NA,323.119403,0,0,268
10/6/15,17.4847321,11.11,24.44,101407.1,71.00893,0.024107143,314.037736,0,0,279
10/7/15,18.6179339,12.78,25.56,101617,72.21488,0,279,0,0,280
10/9/15,19.9961429,11.11,28.33,101452.8,61.56429,0.048214286,287.107692,0,0,282
10/12/15,19.2195283,10.56,31.11,101113,68.71698,0,261.153846,0,0,285
10/13/15,21.8052206,13.33,32.22,101129.3,61.93382,0,286.290323,0,0,286
10/14/15,20.5249206,13.89,31.67,101217.8,65.61905,0.014285714,284.923077,0,0,287
10/15/15,19.4836434,15.56,26.11,101053.9,72.27907,0.003488372,200.830189,0,0,288
10/16/15,18.2415827,15,24.44,101008.9,76.18705,0.00971223,224.7,0,0,289
10/19/15,17.8579856,15.56,23.33,101286.6,75.44604,0,216.885246,0,0,292
10/20/15,17.038705,10.56,27.22,101185.3,69.07914,0,289.193548,0,0,293
10/21/15,17.9271642,8.89,28.33,101060.9,56.44776,0,295.285714,0,0,294
10/22/15,16.8344604,9.44,26.67,101027.9,68.94964,0.00971223,277.163934,0,0,295
10/23/15,16.3666187,9.44,24.44,101185.3,70.55396,0.00323741,249.918033,0,0,296
10/26/15,15.711223,10,24.44,101211.6,74.86331,0,259.474576,0,0,299
10/27/15,15.7631655,11.67,23.89,101176.3,74.97842,0.00323741,109.915254,0,0,300
10/28/15,16.9420863,12.22,21.67,101322.1,77.35971,0.00647482,182.542373,0.03289209,0.57378417,301
10/29/15,15.5233813,8.33,25,101304.4,69.76259,0.00647482,279.066667,0.08040288,0.254,302
10/30/15,15.7352941,7.22,27.78,101275.8,61.55882,0,281.033333,0.07283824,0.17182353,303
11/2/15,16.2584173,12.78,21.67,100926.8,80.03597,0.00323741,195.755102,11.45923741,11.43548201,306
11/3/15,11.8680435,5.56,19.44,100816.3,71.64493,0,265.241379,8.09855072,13.84668116,307
11/4/15,11.1951799,5,18.89,101228.1,63.28058,0.025899281,279.534483,0,0,308
11/5/15,10.2633813,3.33,20,101846.9,62.16547,0,246.810345,0,0,309
11/6/15,11.5592857,4.44,21.11,102136.2,64.24286,0,263.793103,0,0,310
11/9/15,10.0192086,7.22,16.11,101138.9,83.86331,0,99.226415,2.25128058,2.85978417,313
11/10/15,9.0886331,4.44,15.56,101659.1,80.35971,0,236.280702,3.46646043,6.25863309,314
11/11/15,8.7288489,1.67,18.33,102456.5,72.53957,0,254.614035,0.74189928,0.82230216,315
11/12/15,9.3845714,2.22,18.89,102174.3,69.25,0,256.368421,0.08345714,0.1016,316
11/13/15,10.1486232,2.78,21.11,101632,69.9058,0,247.403509,0,0,317
11/16/15,10.0972263,3.89,16.11,101784.6,57.41606,0.065693431,254.140351,2.81439416,4.74256934,320
11/17/15,10.0042857,5,18.33,102342,70.27857,0,228.607143,0,0,321
11/18/15,11.3313669,5,20.56,102111.3,77.23741,0,241.672727,0,0,322
11/19/15,12.0305755,5.56,20.56,101790.3,74.89928,0,243.821429,0,0,323
11/20/15,13.5112143,7.22,23.33,101605,72.37143,0.003214286,251.727273,0,0,324
11/21/15,13.1522695,6.11,22.22,101490.9,72.69504,0,231.035088,0,0,325
11/24/15,10.0518116,6.11,14.44,101020.6,79.30435,0.006521739,115.226415,0.381,0.37915942,328
11/25/15,7.8378571,2.78,13.33,101015,75.70714,0.003214286,227.690909,2.48738571,4.06218571,329
11/30/15,4.4681429,-1.67,12.78,101904.6,69.14286,0,115.071429,0,0,334
12/1/15,8.1417986,1.67,16.11,101989.8,64.48921,0,234.346154,0,0,335
12/4/15,9.8479137,3.89,16.67,101796.9,80.63309,0,196.462963,1.88764029,4.82417266,338
12/7/15,13.8884444,10.56,18.33,102215.3,83.91111,0,84.226415,0,0,341
12/8/15,12.2989313,7.78,17.78,102086.8,83.77863,0,99.078431,0,0,342
12/10/15,15.3165468,12.22,18.89,101116.3,79.45324,0.01294964,121.294118,2.72821583,2.72456115,344
12/14/15,7.2342754,1.67,12.78,101588.6,73.23913,0.009782609,211.283019,3.80631884,8.84766667,348
12/15/15,7.4659712,1.11,13.89,101776.9,68.13669,0.058273381,216.716981,0,0,349
12/16/15,5.7597842,-0.56,14.44,102002.4,63.10791,0.00647482,208.192308,0,0,350
12/18/15,8.9442857,3.33,17.78,101683.2,78.85714,0.057785714,142.339623,0,0,352
12/21/15,11.6307914,10,14.44,101631.9,86.94964,0.029136691,65.326923,1.05985612,2.82689209,355
1/5/16,11.6682734,10,15,100155.6,85.05036,0.145539568,75.823529,10.03939568,10.86535252,5
1/6/16,9.4482609,7.78,11.67,100376.5,87.03623,0.055434783,110.1,11.09869565,15.33202899,6
1/7/16,8.5173381,4.44,13.33,100728.5,84.29496,0,167.596154,4.51169784,10.51998561,7
1/11/16,10.5721583,8.89,15.56,102134.1,82.15827,0,112.365385,0.08405755,0.08953957,11
1/12/16,11.2228777,5.56,17.22,102088.9,77.74101,0.00323741,194.018519,0,0,12
1/13/16,13.5700714,11.67,15.56,101571,74.92857,0.093142857,129.148148,3.06977143,3.06795714,13
1/15/16,12.4508824,8.33,17.22,101458.5,76.48529,0.019852941,211.283019,NA,0.64433824,15
1/19/16,13.4536691,11.11,17.22,101457.2,85.29496,0.038848921,96.74,15.86860432,19.59820144,19
1/21/16,11.4466187,7.22,17.22,101840.4,80.10791,0,201.37037,0.08405755,0.1534964,21
1/22/16,14.7567626,12.78,17.22,101314.8,75.47482,0.109928058,55.207547,0.85336691,0.85153957,22
1/25/16,9.8710145,5.56,17.22,102085.9,76.75362,0,244.777778,0.08466667,0.14908696,25
1/26/16,10.6358273,5,17.22,102262.9,77.97122,0,253.210526,0,0,26
1/27/16,10.9511511,6.67,18.89,102305.1,77.04317,0.00971223,256.464286,0,0,27
1/28/16,9.9610714,4.44,17.22,102197.7,78.45714,0,141.431034,0,0,28
1/29/16,14.6070073,11.67,18.33,101845.3,78.17518,0.101678832,128.351852,0,0,29
2/1/16,9.012518,3.89,13.89,101459.1,52.7554,0.048561151,300.068966,0.08223022,0.14435971,32
2/2/16,8.2976812,4.44,15,102082.3,74.84783,0,194.285714,1.08410145,1.08042029,33
2/4/16,9.8973571,5,16.67,102671.5,72.12143,0.006428571,280.175439,0,0,35
2/8/16,14.248705,6.11,26.11,101955.8,63.23741,0.00323741,311.220339,0,0,39
2/11/16,13.77,6.67,21.67,101731.9,71.70714,0,269.830508,0,0,42
2/12/16,13.5092806,6.67,21.67,101900.1,71.15108,0,272.95,0,0,43
2/16/16,16.1708633,7.78,26.11,101197,64.2518,0,321.166667,0,0,47
2/17/16,18.452518,14.44,24.44,100166.1,55.92806,0.383884892,175.916667,0,0,48
2/18/16,12.2820863,8.33,17.78,100566.5,77.30935,0.238705036,272.688525,5.79448921,13.08556835,49
2/19/16,11.6184783,6.11,19.44,101523.3,70.73913,0.185434783,292.95082,2.15347826,4.44684058,50
2/22/16,11.8351079,5,21.67,102065.8,67.84173,0,334.5,0,0,53
2/24/16,12.8889286,4.44,23.33,101582.4,59.43571,0,355.532258,0,0,55
2/25/16,14.3452143,6.11,23.89,101648.2,64.67143,0,327.777778,0,0,56
3/3/16,15.135036,12.78,19.44,101586.7,73.86331,0.01618705,131.983871,0,0,63
3/4/16,15.8922143,13.33,18.89,101298.7,82.47143,0,87.671875,0.27032857,0.26851429,64
3/14/16,13.0042857,10,16.67,101705.9,82.63571,0.051428571,226.461538,1.99208571,6.15587143,74
3/16/16,12.487971,4.44,22.78,101681.2,60.76812,0.006521739,373.681818,0,0,76
3/18/16,14.2007299,7.22,24.44,101120.3,72.75912,0.019708029,292.279412,0,0,78
3/21/16,12.6345714,8.33,17.78,101528.3,82.34286,0.195642857,134.521739,0.39007143,0.5715,81
3/23/16,11.1971324,5,20,102193.1,70.11765,0.003308824,358.575758,NA,1.25692647,83
3/29/16,10.5955072,2.78,18.89,100907.3,60.08696,0.006521739,408.971014,0,0,89
4/4/16,14.4404317,8.33,23.89,101864.9,64.83453,0.032374101,409.380282,0,0,95
4/5/16,15.73,6.67,27.78,101919.6,55.96429,0.012857143,415.111111,0,0,96
4/6/16,19.1385507,8.89,31.67,101577.9,50.25362,0,406.309859,0,0,97
4/7/16,20.4957143,14.44,30.56,101063.2,56.69286,0.035285714,347.555556,0,0,98
4/8/16,16.3365714,13.89,20.56,100899.2,74.07857,0.006428571,133.887324,0.07801429,0.07801429,99
4/11/16,13.7006522,11.67,18.89,101382.8,79.2971,0,187.676056,1.9142029,3.38114493,102
4/12/16,12.8259286,8.89,16.67,101865.8,77.95,0.012857143,140.694444,0,0,103
4/13/16,13.0904286,7.78,21.11,101954.3,70.97857,0.016071429,425.30137,0,0,104
4/18/16,19.6159712,8.89,30.56,101317.2,51.05036,0.01618705,436.527027,0,0,109
4/19/16,18.3652143,8.89,28.33,101206.8,50.45714,0.006428571,395.866667,0,0,110
4/21/16,17.0154839,14.44,22.78,100986.6,71.98387,0.087096774,116.333333,0,0,112
4/27/16,16.0692308,15.56,16.67,100950.9,56.84615,0.311538462,247,0,0,118
4/28/16,13.5916429,6.11,23.89,100929.1,67.93571,0.048142857,431.551282,0,0,119
4/29/16,14.1058696,7.78,22.22,101253.1,66.13768,0.032608696,436.146667,0,0,120
5/23/16,20.6788889,19.44,21.67,100972,50,0.05,341.888889,0,0,144
5/24/16,15.5655556,11.67,21.67,101050.5,69.87179,0,356.666667,0,0,145
5/25/16,16.0166412,13.33,22.22,101522.5,67.8855,0.065267176,355.108108,0,0,146
5/26/16,15.8417391,10,23.89,101577.6,68.42029,0.055434783,415.4625,0,0,147
5/27/16,16.4706475,8.89,27.78,101140.1,63.15827,0.032374101,397.5,0,0,148
5/31/16,19.0605755,11.11,28.89,100862.7,68.76978,0.029136691,414.317073,0,0,152
6/1/16,19.4571875,11.11,26.11,100739.7,66.60938,0.05625,441.987805,0,0,153
6/3/16,21.3108633,10.56,33.89,101147.9,60.34532,0.01942446,424.536585,0,0,155
6/9/16,16.9221583,12.22,23.33,101072.1,70.7482,0.077625899,323.817073,0,0,161
6/10/16,17.0890511,10.56,23.89,101132.6,62.83942,0.013138686,420.320988,0,0,162
6/14/16,16.3648571,11.11,21.67,101441.5,60.85,0.0225,409.22619,0,0,166
6/15/16,14.893,10.56,20.56,101269.7,61.47857,0.006428571,410.588235,0,0,167
6/16/16,16.1837681,10.56,24.44,101499.8,60.92754,0.029347826,383.829268,0,0,168
6/20/16,20.4588406,10,31.11,101384.3,46.9058,0.032608696,428.780488,0,0,172
6/22/16,19.5315714,11.67,31.11,101182.2,57.97857,0.118928571,420.345238,0,0,174
6/27/16,21.2497321,12.22,29.44,101202.4,57,0.048214286,416.089552,0,0,179
6/29/16,17.680365,11.11,25.56,101108.2,66.73723,0.118248175,428.289157,0,0,181
7/1/16,18.305036,12.78,24.44,100713.5,68.04317,0.058273381,401,0,0,183
7/5/16,18.0984892,15,23.33,101186.5,70.02158,0.12618705,401,0,0,187
7/6/16,17.0664748,10,25,101154.7,67.21583,0.113165468,399.560976,0,0,188
7/7/16,16.7937143,11.11,22.78,101203.9,66.27143,0.131642857,404.108434,0,0,189
7/8/16,16.5864748,10.56,25,101282.7,71.63309,0.087410072,392.987654,0,0,190
7/11/16,19.7759712,11.11,30,101094.2,54.96403,0.01942446,424.231707,0,0,193
7/12/16,18.7886331,11.67,27.22,101054.4,60.05755,0.106834532,414.268293,0,0,194
7/14/16,20.7421429,12.22,28.33,101088.3,63.49286,0.048214286,405.95122,0,0,196
7/18/16,16.4992806,10.56,23.33,101380.7,69.58273,0.035611511,361.817073,0,0,200
7/19/16,17.0064748,10.56,25,101531.3,67.64748,0.077697842,401.814815,0,0,201
8/1/16,19.2696241,16.11,24.44,100981.3,71.51128,0.071052632,378.416667,0,0,214
8/2/16,18.8444715,14.44,24.44,101187.1,70.14634,0.025609756,NA,0,0,215
8/3/16,18.4650794,12.22,25.56,101114.9,71.87302,0.039285714,379.364865,0,0,216
8/4/16,17.5418939,12.78,23.33,101021.2,70.55303,0.153409091,386.794872,0,0,217
8/5/16,17.5586923,13.89,22.78,100918,70.03077,0.065769231,393.291667,0,0,218
8/8/16,18.1398551,10.56,29.44,100736.8,64.83333,0.013043478,405.093333,0,0,221
8/11/16,18.6705755,15,25,101091.5,71.66906,0.038848921,361.473684,0,0,224
8/16/16,17.8258273,13.89,23.89,100942.6,74.76978,0.038848921,359.866667,0,0,229
8/17/16,21.5071429,21.11,22.22,100723.8,62.85714,0,159,0,0,230
8/19/16,18.4440164,15,22.78,100843.6,74.69672,0.04795082,307.415385,0,0,232
8/22/16,17.6783571,14.44,23.33,101024.4,72.99286,0.048214286,347.08,0,0,235
8/23/16,17.0530508,13.89,21.67,101147.2,74.08475,0.007627119,94.2,0,0,236
8/24/16,21.468,21.11,22.22,101367.2,63.68,0.18,457.48,0,0,237
8/25/16,16.8912319,13.33,21.67,101113.6,75.23188,0.091304348,361.027397,0,0,238
8/26/16,18.3294203,15,24.44,100936.7,71.60145,0.042391304,386.722222,0,0,239
8/29/16,18.0242391,12.78,24.44,101491.6,69.17391,0.053695652,382.588235,0,0,242
8/31/16,19.7657851,11.11,27.78,101036.2,59.31405,0.011157025,475.147541,0,0,244
9/1/16,17.8930935,12.78,25.56,101105.4,71.26619,0.11,473.263889,0,0,245
9/7/16,21.6982143,11.11,35,100791.6,56.39286,0.006428571,440.39726,NA,0,251
9/9/16,17.7577143,13.33,23.89,101301.8,72.35,0.064214286,427.802817,0,0,253
9/12/16,18.1411538,15.56,21.11,101134.1,67.03846,0.051923077,27.833333,0,0,256
10/4/16,19.3448,13.33,22.78,101298.3,58.8,0.054,428.32,0,0,278
10/5/16,14.6041727,6.67,25,101379.9,63.33813,0,413.575758,0,0,279
10/7/16,16.6308633,7.78,28.89,101225.9,54.58993,0,385.353846,0,0,281
10/10/16,15.874964,9.44,24.44,101091,70.8705,0.055035971,392.96875,0,0,284
10/11/16,16.27912,13.89,22.78,101319.9,67.752,0.054,281.571429,0,0,285
10/12/16,15.1118705,11.11,20.56,101452.1,72.21583,0.022661871,349.063492,0,0,286
10/14/16,17.213741,15.56,20,101095.7,78.22302,0.077697842,37.542373,1.49658993,1.48745324,288
10/21/16,15.927156,8.89,26.11,101136.9,70.79817,0.00412844,430.8,0,0,295
10/24/16,16.6398305,15.56,19.44,100994.1,70.0678,0.455677966,102.394737,0,0,298
10/26/16,16.1994444,10,26.11,101338.4,71.9127,0.003571429,361.391304,0,0,300
11/3/16,13.6149286,6.67,23.89,101815.1,72.30714,0,351.35,0.1016,0.1016,308
11/4/16,14.2243165,8.33,23.89,101622.9,72.8705,0,356.362069,0.07309353,0.1534964,309
11/8/16,15.1073684,10.56,23.89,101689.9,81.63158,0,259.441176,0.10249123,0.19161404,313
11/15/16,18.4016667,15.56,19.44,101538.2,73.5,0,136.291667,0,0,320
11/17/16,9.5997297,3.33,17.22,101610.9,70.46847,0,344.234043,0,0,322
11/18/16,10.3264912,2.22,21.67,101372.1,63.20175,0.153508772,324.150943,0,0,323
11/21/16,11.7335338,7.22,18.33,101219.2,82.31579,0,258.074074,1.46097744,3.43377444,326
11/22/16,9.4268254,3.89,16.67,101787.1,77.56349,0,230.255814,0.16933333,0.23585714,327
12/1/16,14.4608824,11.11,16.67,101647,50.64706,0,382.764706,0,0,336
12/2/16,8.18224,2.22,17.22,101850.6,65.256,0.0072,300.45098,0,0,337
12/5/16,9.6347863,6.11,13.89,101634.2,83.98291,0,88.090909,0,0,340
12/6/16,7.9082031,1.11,13.89,101495.9,75.74219,0,257.326923,0.10914063,0.10914063,341
12/7/16,5.4221488,1.11,10.56,101743.4,77.13223,0,108.47619,0.09236364,0.15533884,342
12/8/16,11.0041538,8.33,17.78,101537.8,83.15385,0.031153846,157.4,5.25975385,6.62744615,343
12/14/16,13.3920149,11.11,18.33,101432.9,81.17164,0.130746269,143.7,0,0,349
12/15/16,14.7958824,13.89,16.67,100936.1,81.375,0.165441176,26.692308,0.28388235,0.28388235,350
12/19/16,3.385,-2.78,13.33,102603.5,67.26562,0,277.375,0.08334375,0.18851562,354
12/20/16,5.4004286,-0.56,15.56,102354.3,70.60714,0,264.584906,0,0,355
1/5/17,7.7423256,3.89,11.11,101269.3,83.44186,0.010465116,293.130435,4.36131783,14.50556589,5
1/6/17,3.1733094,-2.22,10.56,101593.5,72.51799,0,258.618182,0.16811511,2.06671942,6
1/9/17,13.0702256,10,15,101201.2,86.3609,0.249473684,119.28,14.26028571,35.21433083,9